"versao","banco","usuario"
"PostgreSQL 17.9 on x86_64-pc-linux-gnu, compiled by x86_64-pc-linux-gnu-gcc (GCC) 12.4.0, 64-bit",iesb,data_iesb
data_iesb,false,false,
public,inep_censo_escolar,iesb
public,inep_censo_escolar_curso_tecnico,iesb
public,inep_censo_escolar_docente,iesb
public,inep_censo_escolar_gestor,iesb
public,inep_censo_escolar_matricula,iesb
public,inep_censo_escolar_turmas,iesb
public,inep_educacao_superior_cursos,iesb
public,inep_educacao_superior_ies,iesb
public,inep_escola_coordenadas_novas,iesb
public,inep_educacao_superior_cursos,SELECT,
public,inep_educacao_superior_ies,SELECT,
inep_educacao_superior_cursos,co_curso,integer,
inep_educacao_superior_cursos,co_ies,integer,
inep_educacao_superior_cursos,co_municipio,character varying,
inep_educacao_superior_cursos,nu_ano_censo,character varying,
inep_educacao_superior_cursos,qt_curso,smallint,
inep_educacao_superior_cursos,qt_mat,integer,
inep_educacao_superior_cursos,tp_dimensao,character varying,
inep_educacao_superior_cursos,tp_rede,character varying,
inep_educacao_superior_ies,co_ies,smallint,
inep_educacao_superior_ies,co_municipio_ies,character,
inep_educacao_superior_ies,nu_ano_censo,character,
inep_educacao_superior_ies,tp_rede,integer,
inep_educacao_superior_ies,pk_inep_educacao_superior_ies,"CREATE UNIQUE INDEX pk_inep_educacao_superior_ies ON public.inep_educacao_superior_ies USING btree (nu_ano_censo, co_ies)"
cursos,"2024",720349
ies,"2024",2561
45776,10227266,46150
Procuradoria,procuradoria_contencioso_cgjud
Procuradoria,procuradoria_contencioso_historico_processo
Procuradoria,procuradoria_contencioso_situacao_projeto
SUS_SINAN,sus_sinan_botulismo_anual
SUS_SINAN,sus_sinan_botulismo_mensal
SUS_SINAN,sus_sinan_chagas_anual
SUS_SINAN,sus_sinan_chagas_mensal
SUS_SINAN,sus_sinan_colera_anual
SUS_SINAN,sus_sinan_colera_mensal
SUS_SINAN,sus_sinan_dengue_antigo_anual
SUS_SINAN,sus_sinan_dengue_antigo_mensal
SUS_SINAN,sus_sinan_dengue_anual
SUS_SINAN,sus_sinan_dengue_mensal
SUS_SINAN,sus_sinan_esquistossomose_anual
SUS_SINAN,sus_sinan_esquistossomose_mensal
SUS_SINAN,sus_sinan_febre_tifoide_anual
SUS_SINAN,sus_sinan_febre_tifoide_mensal
SUS_SINAN,sus_sinan_hepatites_anual
SUS_SINAN,sus_sinan_hepatites_mensal
SUS_SINAN,sus_sinan_leptospirose_anual
SUS_SINAN,sus_sinan_leptospirose_mensal
SUS_SINAN,sus_sinan_malaria_anual
SUS_SINAN,sus_sinan_malaria_mensal
SUS_SINAN,sus_sinan_toxo_congenita_anual
SUS_SINAN,sus_sinan_toxo_congenita_mensal
SUS_SINAN,sus_sinan_toxo_gestacional_anual
SUS_SINAN,sus_sinan_toxo_gestacional_mensal
aurya,data_quality_total_rows
dataiesb-aurya,catalogue
dataiesb_site,contato
dataiesb_site,contato_novas_analises
dataiesb_site,jornageo
kafka,mcdonalds_sales
public,Censo_2022_Populacao_Idade_Sexo
public,IBGE_agregados_por_UF_basico
public,IBGE_agregados_por_municipio_basico
public,IBGE_agregados_por_setores_basico
public,IBGE_agregados_por_setores_caracteristicas_domicilio1
public,IBGE_agregados_por_setores_caracteristicas_domicilio2
public,IBGE_agregados_por_setores_caracteristicas_domicilio3
public,IBGE_agregados_por_setores_demografia
public,IBGE_agregados_por_setores_pessoas_indigenas
public,IBGE_agregados_por_setores_pessoas_quilombolas
public,acidente_transito
public,acidentes_municipios
public,agregados_setores_censitarios
public,censo_2022_domicilio_populacao_setor
public,censo_escolar_2024
public,compras_medicamentos_thiago
public,conferencia_suh_aih_residencia
public,criminal_pmdf_ocorrencias_2024
public,criminal_sinesp_ocorrencias_2024
public,ed_enem_2024_participantes
public,ed_enem_2024_resultados
public,ed_enem_2024_resultados_amos_per
public,educacao_basica
public,enem_2024
public,frota_municipios
public,ibge_censo_2010_consolidado
public,ibge_censo_2010_tab01_populacao_residente_sexo
public,ibge_censo_2010_tab02_populacao_residente_idade
public,ibge_censo_2010_tab03_analfabetismo_idade_cor_raca
public,ibge_censo_2010_tab07_domicilios_saneamento
public,ibge_censo_2010_tab08_rendimento_domiciliar_per_capita
public,ibge_censo_2010_tab12_populacao_domicilios_rendimento_per_capit
public,ibge_censo_2010_tab13_populacao_saneamento_inadequado_rendiment
public,ibge_censo_2010_tab17_analfabetismo_10_anos
public,ibge_densidade_populacional_area_municipios_2010
public,ibge_munic_2024
public,ibge_populacao_estimada
public,indicadores_esgoto
public,inep_censo_escolar
public,inep_censo_escolar_curso_tecnico
public,inep_censo_escolar_docente
public,inep_censo_escolar_gestor
public,inep_censo_escolar_matricula
public,inep_censo_escolar_turmas
public,inep_educacao_superior_cursos
public,inep_educacao_superior_ies
public,inep_escola_coordenadas_novas
public,internet_anatel_acessos_bandalarga_fixa_2025
public,internet_anatel_cobertura_movel_ride
public,internet_anatel_qualidade_ride
public,internet_censo_domicilios_bandalarga_fixa_2022
public,jornageo
public,logs_acesso
public,municipio
public,municipio_prefeitos_prefeituras_2026
public,municipio_ride_brasilia
public,ocorrencia
public,pib_municipios
public,queimadas_inpe
public,regiao
public,servidores_publicos
public,sus_aih
public,sus_aih_residencia
public,sus_aih_residencia_detalhado
public,sus_procedimento_ambulatorial
public,sus_procedimento_ambulatorial_residencia
public,sus_procedimento_ambulatorial_residencia_uf_teste
public,sus_procedimento_ambulatorial_sergio
public,sus_procedimento_ambulatorial_thiago
public,tokens_recuperacao
public,tse_eleicoes_votacao_candidato
public,unidade_federacao
public,usuarios
