"verificacao","resultado"
versao_servidor,"PostgreSQL 17.9 on x86_64-pc-linux-gnu, compiled by x86_64-pc-linux-gnu-gcc (GCC) 12.4.0, 64-bit"
usuario,data_iesb
e_superusuario,false
pode_criar_papel,false
pode_criar_banco,false
CREATE no banco,false
CREATE no schema public,false
ies: SELECT,true
ies: INSERT,false
ies: UPDATE,false
ies: DELETE,false
cursos: SELECT,true
cursos: INSERT,false
cursos: UPDATE,false
cursos: DELETE,false
on
inep_educacao_superior_cursos,co_municipio,
inep_educacao_superior_cursos,nu_ano_censo,
inep_educacao_superior_cursos,tp_rede,
inep_educacao_superior_ies,co_municipio_ies,
inep_educacao_superior_ies,nu_ano_censo,
inep_educacao_superior_ies,tp_rede,
[3533908],7
[4113205],7
[3170404],7
[3205069],7
[2400208],7
IBGE_agregados_por_municipio_basico,cd_mun,
IBGE_agregados_por_municipio_basico,nm_mun,
IBGE_agregados_por_municipio_basico,cd_uf,
IBGE_agregados_por_municipio_basico,nm_uf,
IBGE_agregados_por_municipio_basico,v0001,
IBGE_agregados_por_municipio_basico,v0002,
IBGE_agregados_por_municipio_basico,v0003,
IBGE_agregados_por_municipio_basico,v0004,
IBGE_agregados_por_municipio_basico,v0005,
IBGE_agregados_por_municipio_basico,v0006,
IBGE_agregados_por_municipio_basico,v0007,
ibge_densidade_populacional_area_municipios_2010,codigo_municipio_dv,
ibge_densidade_populacional_area_municipios_2010,area_km2,
ibge_densidade_populacional_area_municipios_2010,densidade_populacional,
ibge_munic_2024,codigo_municipio_dv,
ibge_munic_2024,sigla_uf,
ibge_munic_2024,cod_uf,
ibge_munic_2024,nome_municipio,
ibge_munic_2024,populacao,
ibge_munic_2024,faixa_pop,
ibge_munic_2024,regiao,
ibge_munic_2024,mreh011,
ibge_munic_2024,mreh012,
ibge_munic_2024,mreh013,
ibge_munic_2024,mreh014,
ibge_munic_2024,mreh015,
ibge_munic_2024,mreh016,
ibge_munic_2024,mreh02,
ibge_munic_2024,mreh031,
ibge_munic_2024,mreh032,
ibge_munic_2024,mreh033,
ibge_munic_2024,mreh034,
ibge_munic_2024,mreh035,
ibge_munic_2024,mreh036,
ibge_munic_2024,mreh04,
ibge_munic_2024,mreh05,
ibge_munic_2024,mreh061,
ibge_munic_2024,mreh062,
ibge_munic_2024,mreh063,
ibge_munic_2024,mreh064,
ibge_munic_2024,mreh065,
ibge_munic_2024,mreh066,
ibge_munic_2024,mreh07,
ibge_munic_2024,mtic011,
ibge_munic_2024,mtic012,
ibge_munic_2024,mtic013,
ibge_munic_2024,mtic014,
ibge_munic_2024,mtic015,
ibge_munic_2024,mtic016,
ibge_munic_2024,mtic017,
ibge_munic_2024,mtic018,
ibge_munic_2024,mtic04,
ibge_munic_2024,mtic06,
ibge_munic_2024,mtic071,
ibge_munic_2024,mtic072,
ibge_munic_2024,mtic073,
ibge_munic_2024,mtic074,
ibge_munic_2024,mtic075,
ibge_munic_2024,mtic076,
ibge_munic_2024,mtic077,
ibge_munic_2024,mtic078,
ibge_munic_2024,mtic08,
ibge_munic_2024,mtic091,
ibge_munic_2024,mtic092,
ibge_munic_2024,mtic093,
ibge_munic_2024,mtic10,
ibge_munic_2024,mtic11,
ibge_munic_2024,mtic12a1,
ibge_munic_2024,mtic12a2,
ibge_munic_2024,mtic12a3,
ibge_munic_2024,mtic12a4,
ibge_munic_2024,mtic12a5,
ibge_munic_2024,mtic12a6,
ibge_munic_2024,mtic12a7,
ibge_munic_2024,mtic12a8,
ibge_munic_2024,mtic12b1,
ibge_munic_2024,mtic12b2,
ibge_munic_2024,mtic12b3,
ibge_munic_2024,mtic12b4,
ibge_munic_2024,mtic12b5,
ibge_munic_2024,mtic12b6,
ibge_munic_2024,mtic12b7,
ibge_munic_2024,mtic12b8,
ibge_munic_2024,mtic12b9,
ibge_munic_2024,mtic12b10,
ibge_munic_2024,mtic12b11,
ibge_munic_2024,mtic12b12,
ibge_munic_2024,mtic12b13,
ibge_munic_2024,mtic12b14,
ibge_munic_2024,mtic131,
ibge_munic_2024,mtic132,
ibge_munic_2024,mtic133,
ibge_munic_2024,mtic134,
ibge_munic_2024,mtic135,
ibge_munic_2024,mtic136,
ibge_munic_2024,mtic137,
ibge_munic_2024,mtic138,
ibge_munic_2024,mtic139,
ibge_munic_2024,mtic141,
ibge_munic_2024,mtic142,
ibge_munic_2024,mtic143,
ibge_munic_2024,mtic144,
ibge_munic_2024,mtic145,
ibge_munic_2024,mtic146,
ibge_munic_2024,mtic15,
ibge_munic_2024,mtic161,
ibge_munic_2024,mtic162,
ibge_munic_2024,mtic163,
ibge_munic_2024,mtic164,
ibge_munic_2024,mtic165,
ibge_munic_2024,mtic166,
ibge_munic_2024,mtic167,
ibge_munic_2024,mtic171,
ibge_munic_2024,mtic172,
ibge_munic_2024,mtic173,
ibge_munic_2024,mtic174,
ibge_munic_2024,mtic175,
ibge_munic_2024,mtic176,
ibge_munic_2024,mtic181,
ibge_munic_2024,mtic182,
ibge_munic_2024,mtic183,
ibge_munic_2024,mtic184,
ibge_munic_2024,mtic185,
ibge_munic_2024,mtic186,
ibge_munic_2024,mtic18a1,
ibge_munic_2024,mtic18a2,
ibge_munic_2024,mtic18a3,
ibge_munic_2024,mtic18a4,
ibge_munic_2024,mtic18a5,
ibge_munic_2024,mtic18a6,
ibge_munic_2024,mtic19,
ibge_munic_2024,mtic201,
ibge_munic_2024,mtic202,
ibge_munic_2024,mtic203,
ibge_munic_2024,mtic204,
ibge_munic_2024,mtic205,
ibge_munic_2024,mtic206,
ibge_munic_2024,mtic211,
ibge_munic_2024,mtic212,
ibge_munic_2024,mtic213,
ibge_munic_2024,mtic214,
ibge_munic_2024,mtic215,
ibge_munic_2024,mtic216,
ibge_munic_2024,mtic217,
ibge_munic_2024,mtic22,
ibge_munic_2024,mtic23,
ibge_munic_2024,mtic241,
ibge_munic_2024,mtic242,
ibge_munic_2024,mtic2421,
ibge_munic_2024,mtic243,
ibge_munic_2024,mtic2431,
ibge_munic_2024,mtic244,
ibge_munic_2024,mtic251,
ibge_munic_2024,mtic2511,
ibge_munic_2024,mtic2512,
ibge_munic_2024,mtic2513,
ibge_munic_2024,mtic2514,
ibge_munic_2024,mtic252,
ibge_munic_2024,mtic2521,
ibge_munic_2024,mtic2522,
ibge_munic_2024,mtic2523,
ibge_munic_2024,mtic2524,
ibge_munic_2024,mtic253,
ibge_munic_2024,mtic2531,
ibge_munic_2024,mtic2532,
ibge_munic_2024,mtic2533,
ibge_munic_2024,mtic2534,
ibge_munic_2024,mtic254,
ibge_munic_2024,mtic2541,
ibge_munic_2024,mtic2542,
ibge_munic_2024,mtic2543,
ibge_munic_2024,mtic2544,
ibge_munic_2024,mtic255,
ibge_munic_2024,mtic261,
ibge_munic_2024,mtic262,
ibge_munic_2024,mtic263,
ibge_munic_2024,mtic264,
ibge_munic_2024,mtic265,
ibge_munic_2024,mtic266,
ibge_munic_2024,mtic271,
ibge_munic_2024,mtic272,
ibge_munic_2024,mtic273,
ibge_munic_2024,mtic281,
ibge_munic_2024,mtic282,
ibge_munic_2024,mtic283,
ibge_munic_2024,mtic284,
ibge_munic_2024,mtic285,
ibge_munic_2024,mtic286,
ibge_munic_2024,mtic287,
ibge_munic_2024,mtic288,
ibge_munic_2024,mtic289,
ibge_munic_2024,mtic29,
ibge_munic_2024,mtic30,
ibge_munic_2024,mtic31,
ibge_munic_2024,mtic321,
ibge_munic_2024,mtic322,
ibge_munic_2024,mtic323,
ibge_munic_2024,mtic324,
ibge_munic_2024,mtic325,
ibge_munic_2024,mtic326,
ibge_munic_2024,mtic327,
ibge_munic_2024,mtic328,
ibge_munic_2024,mtic33,
ibge_munic_2024,mtic331,
ibge_munic_2024,mtic341,
ibge_munic_2024,mtic342,
ibge_munic_2024,mtic343,
ibge_munic_2024,mtic344,
ibge_munic_2024,mtic345,
ibge_munic_2024,mtic346,
ibge_munic_2024,mtic347,
ibge_munic_2024,mtic348,
ibge_munic_2024,mtic349,
ibge_munic_2024,mtic35,
ibge_munic_2024,mtic3511,
ibge_munic_2024,mtic3512,
ibge_munic_2024,mtic3513,
ibge_munic_2024,mtic3514,
ibge_munic_2024,mtic3515,
ibge_munic_2024,mtic3516,
ibge_munic_2024,mtic3517,
ibge_munic_2024,mtic3518,
ibge_munic_2024,mtic3519,
ibge_munic_2024,mtic35110,
ibge_munic_2024,mtic35111,
ibge_munic_2024,mtic361,
ibge_munic_2024,mtic362,
ibge_munic_2024,mtic363,
ibge_munic_2024,mtic364,
ibge_munic_2024,mtic365,
ibge_munic_2024,mtic366,
ibge_munic_2024,mtic367,
ibge_munic_2024,mtic368,
ibge_munic_2024,mtic37,
ibge_munic_2024,mtic381,
ibge_munic_2024,mtic382,
ibge_munic_2024,mtic383,
ibge_munic_2024,mtic384,
ibge_munic_2024,mtic385,
ibge_munic_2024,mtic386,
ibge_munic_2024,mtic387,
ibge_populacao_estimada,ano,
ibge_populacao_estimada,uf,
ibge_populacao_estimada,cod_uf,
ibge_populacao_estimada,cod_municipio,
ibge_populacao_estimada,nome_municipio,
ibge_populacao_estimada,populacao,
municipio,codigo_municipio_dv,
municipio,codigo_municipio,
municipio,nome_municipio,
municipio,cd_uf,
municipio,municipio_capital,
municipio,longitude,
municipio,latitude,
pib_municipios,ano_pib,
pib_municipios,codigo_municipio_dv,
pib_municipios,vl_agropecuaria,
pib_municipios,vl_industria,
pib_municipios,vl_servicos,
pib_municipios,vl_administracao,
pib_municipios,vl_bruto_total,
pib_municipios,vl_subsidios,
pib_municipios,vl_pib,
pib_municipios,vl_pib_per_capta,
regiao,cd_regiao,
regiao,nome_regiao,
unidade_federacao,cd_uf,
unidade_federacao,sigla_uf,
unidade_federacao,nome_uf,
unidade_federacao,cd_regiao,
IBGE_agregados_por_municipio_basico,true
ibge_densidade_populacional_area_municipios_2010,true
ibge_munic_2024,true
ibge_populacao_estimada,true
municipio,true
pib_municipios,true
regiao,true
unidade_federacao,true
