familia,teste,resultado,detalhe
qt_vg_*,dominio de qt_vg_total,OK,"min=0 max=100,485 soma=23,665,419 negativos=0 zeros=678,074 nulos=0"
qt_vg_*,turno/modalidade: qt_vg_total vs qt_vg_total_diurno + qt_vg_total_noturno + qt_vg_total_ead,FECHA (particao exata),"total=23,665,419 partes=23,665,419 dif=+0 linhas_div=0/720,349 (maior=0 menor=0) max_dif=0"
qt_vg_*,tipo de vaga: qt_vg_total vs qt_vg_nova + qt_vg_proc_seletivo + qt_vg_remanesc + qt_vg_prog_especial,FECHA (particao exata),"total=23,665,419 partes=23,665,419 dif=+0 linhas_div=0/720,349 (maior=0 menor=0) max_dif=0"
qt_vg_*,hip.: nova = soma dos tipos: qt_vg_nova vs qt_vg_proc_seletivo + qt_vg_remanesc + qt_vg_prog_especial,NAO FECHA (nos dois sentidos),"total=17,407,524 partes=6,257,895 dif=-11,149,629 linhas_div=41,512/720,349 (maior=5,355 menor=36,157) max_dif=73,260"
qt_inscrito_*,dominio de qt_inscrito_total,OK,"min=0 max=116,382 soma=15,723,085 negativos=0 zeros=679,263 nulos=0"
qt_inscrito_*,turno/modalidade: qt_inscrito_total vs qt_inscrito_total_diurno + qt_inscrito_total_noturno + qt_inscrito_total_ead,FECHA (particao exata),"total=15,723,085 partes=15,723,085 dif=+0 linhas_div=0/720,349 (maior=0 menor=0) max_dif=0"
qt_inscrito_*,tipo de vaga: qt_inscrito_total vs qt_insc_vg_nova + qt_insc_proc_seletivo + qt_insc_vg_remanesc + qt_insc_vg_prog_especial,FECHA (particao exata),"total=15,723,085 partes=15,723,085 dif=+0 linhas_div=0/720,349 (maior=0 menor=0) max_dif=0"
qt_inscrito_*,hip.: insc_vg_nova = soma dos tipos: qt_insc_vg_nova vs qt_insc_proc_seletivo + qt_insc_vg_remanesc + qt_insc_vg_prog_especial,NAO FECHA (nos dois sentidos),"total=13,014,330 partes=2,708,755 dif=-10,305,575 linhas_div=40,490/720,349 (maior=2,718 menor=37,772) max_dif=65,816"
qt_doc_ex_*,dominio de qt_doc_total,OK,"min=0 max=5,751 soma=374,501 negativos=0 zeros=3 nulos=0"
qt_doc_ex_*,qt_doc_exe identica?: qt_doc_total vs qt_doc_exe,FECHA (particao exata),"total=374,501 partes=374,501 dif=+0 linhas_div=0/2,561 (maior=0 menor=0) max_dif=0"
qt_doc_ex_*,sexo: qt_doc_total vs qt_doc_ex_femi + qt_doc_ex_masc,FECHA (particao exata),"total=374,501 partes=374,501 dif=+0 linhas_div=0/2,561 (maior=0 menor=0) max_dif=0"
qt_doc_ex_*,titulacao: qt_doc_total vs qt_doc_ex_sem_grad + qt_doc_ex_grad + qt_doc_ex_esp + qt_doc_ex_mest + qt_doc_ex_dout,FECHA (particao exata),"total=374,501 partes=374,501 dif=+0 linhas_div=0/2,561 (maior=0 menor=0) max_dif=0"
qt_doc_ex_*,regime de trabalho: qt_doc_total vs qt_doc_ex_int + qt_doc_ex_parc + qt_doc_ex_hor,FECHA (particao exata),"total=374,501 partes=374,501 dif=+0 linhas_div=0/2,561 (maior=0 menor=0) max_dif=0"
qt_doc_ex_*,integral = DE + sem DE: qt_doc_ex_int vs qt_doc_ex_int_de + qt_doc_ex_int_sem_de,FECHA (particao exata),"total=212,899 partes=212,899 dif=+0 linhas_div=0/2,561 (maior=0 menor=0) max_dif=0"
qt_doc_ex_*,faixa etaria: qt_doc_total vs qt_doc_ex_0_29 + qt_doc_ex_30_34 + qt_doc_ex_35_39 + qt_doc_ex_40_44 + qt_doc_ex_45_49 + qt_doc_ex_50_54 + qt_doc_ex_55_59 + qt_doc_ex_60_mais,FECHA (particao exata),"total=374,501 partes=374,501 dif=+0 linhas_div=0/2,561 (maior=0 menor=0) max_dif=0"
qt_doc_ex_*,cor/raca: qt_doc_total vs qt_doc_ex_branca + qt_doc_ex_preta + qt_doc_ex_parda + qt_doc_ex_amarela + qt_doc_ex_indigena + qt_doc_ex_cor_nd,FECHA (particao exata),"total=374,501 partes=374,501 dif=+0 linhas_div=0/2,561 (maior=0 menor=0) max_dif=0"
qt_doc_ex_*,nacionalidade: qt_doc_total vs qt_doc_ex_bra + qt_doc_ex_est,FECHA (particao exata),"total=374,501 partes=374,501 dif=+0 linhas_div=0/2,561 (maior=0 menor=0) max_dif=0"
qt_doc_ex_*,deficiencia: qt_doc_ex_com_deficiencia <= qt_doc_total,CONTIDO,"parte=2,401 total=374,501 violacoes=0 max_excesso=0"
qt_tec_*,dominio de qt_tec_total,OK,"min=1 max=8,988 soma=350,752 negativos=0 zeros=0 nulos=0"
qt_tec_*,escolaridade x sexo: qt_tec_total vs qt_tec_fundamental_incomp_fem + qt_tec_fundamental_incomp_masc + qt_tec_fundamental_comp_fem + qt_tec_fundamental_comp_masc + qt_tec_medio_fem + qt_tec_medio_masc + qt_tec_superior_fem + qt_tec_superior_masc + qt_tec_especializacao_fem + qt_tec_especializacao_masc + qt_tec_mestrado_fem + qt_tec_mestrado_masc + qt_tec_doutorado_fem + qt_tec_doutorado_masc,FECHA (particao exata),"total=350,752 partes=350,752 dif=+0 linhas_div=0/2,561 (maior=0 menor=0) max_dif=0"
qt_ing_financ*,financiado <= total: qt_ing_financ <= qt_ing,CONTIDO,"parte=1,673,188 total=5,010,613 violacoes=0 max_excesso=0"
qt_ing_financ*,financ = reembolsavel + nao reembolsavel: qt_ing_financ vs qt_ing_financ_reemb + qt_ing_financ_nreemb,SOBREPOSICAO (partes > total),"total=1,673,188 partes=1,727,394 dif=+54,206 linhas_div=3,730/720,349 (maior=3,730 menor=0) max_dif=327"
qt_ing_financ*,hip.: reemb = fies + outros: qt_ing_financ_reemb vs qt_ing_fies + qt_ing_financ_reemb_outros,NAO FECHA (nos dois sentidos),"total=97,274 partes=41,130 dif=-56,144 linhas_div=4,228/720,349 (maior=64 menor=4,164) max_dif=321"
qt_ing_financ*,hip.: reemb = fies + rpfies + outros: qt_ing_financ_reemb vs qt_ing_fies + qt_ing_rpfies + qt_ing_financ_reemb_outros,SOBREPOSICAO (partes > total),"total=97,274 partes=98,327 dif=+1,053 linhas_div=301/720,349 (maior=301 menor=0) max_dif=107"
qt_ing_financ*,hip.: nreemb = prouni_int + prouni_parc + nrpfies + outros: qt_ing_financ_nreemb vs qt_ing_prounii + qt_ing_prounip + qt_ing_nrpfies + qt_ing_financ_nreemb_outros,SOBREPOSICAO (partes > total),"total=1,630,120 partes=1,654,265 dif=+24,145 linhas_div=7,635/720,349 (maior=7,635 menor=0) max_dif=115"
qt_mat_financ*,financiado <= total: qt_mat_financ <= qt_mat,CONTIDO,"parte=3,071,136 total=10,227,266 violacoes=0 max_excesso=0"
qt_mat_financ*,financ = reembolsavel + nao reembolsavel: qt_mat_financ vs qt_mat_financ_reemb + qt_mat_financ_nreemb,SOBREPOSICAO (partes > total),"total=3,071,136 partes=3,149,638 dif=+78,502 linhas_div=6,094/720,349 (maior=6,094 menor=0) max_dif=502"
qt_mat_financ*,hip.: reemb = fies + outros: qt_mat_financ_reemb vs qt_mat_fies + qt_mat_financ_reemb_outros,NAO FECHA (nos dois sentidos),"total=257,802 partes=190,982 dif=-66,820 linhas_div=5,785/720,349 (maior=127 menor=5,658) max_dif=488"
qt_mat_financ*,hip.: reemb = fies + rpfies + outros: qt_mat_financ_reemb vs qt_mat_fies + qt_mat_rpfies + qt_mat_financ_reemb_outros,SOBREPOSICAO (partes > total),"total=257,802 partes=261,661 dif=+3,859 linhas_div=559/720,349 (maior=559 menor=0) max_dif=366"
qt_mat_financ*,hip.: nreemb = prouni_int + prouni_parc + nrpfies + outros: qt_mat_financ_nreemb vs qt_mat_prounii + qt_mat_prounip + qt_mat_nrpfies + qt_mat_financ_nreemb_outros,SOBREPOSICAO (partes > total),"total=2,891,836 partes=2,960,296 dif=+68,460 linhas_div=14,354/720,349 (maior=14,354 menor=0) max_dif=585"
qt_conc_financ*,financiado <= total: qt_conc_financ <= qt_conc,CONTIDO,"parte=347,889 total=1,333,988 violacoes=0 max_excesso=0"
qt_conc_financ*,financ = reembolsavel + nao reembolsavel: qt_conc_financ vs qt_conc_financ_reemb + qt_conc_financ_nreemb,SOBREPOSICAO (partes > total),"total=347,889 partes=358,610 dif=+10,721 linhas_div=2,841/720,349 (maior=2,841 menor=0) max_dif=98"
qt_conc_financ*,hip.: reemb = fies + outros: qt_conc_financ_reemb vs qt_conc_fies + qt_conc_financ_reemb_outros,NAO FECHA (nos dois sentidos),"total=39,693 partes=31,485 dif=-8,208 linhas_div=2,018/720,349 (maior=29 menor=1,989) max_dif=99"
qt_conc_financ*,hip.: reemb = fies + rpfies + outros: qt_conc_financ_reemb vs qt_conc_fies + qt_conc_rpfies + qt_conc_financ_reemb_outros,SOBREPOSICAO (partes > total),"total=39,693 partes=41,168 dif=+1,475 linhas_div=173/720,349 (maior=173 menor=0) max_dif=80"
qt_conc_financ*,hip.: nreemb = prouni_int + prouni_parc + nrpfies + outros: qt_conc_financ_nreemb vs qt_conc_prounii + qt_conc_prounip + qt_conc_nrpfies + qt_conc_financ_nreemb_outros,SOBREPOSICAO (partes > total),"total=318,917 partes=326,646 dif=+7,729 linhas_div=3,394/720,349 (maior=3,394 menor=0) max_dif=146"
qt_ing_rv*,reserva <= total: qt_ing_reserva_vaga <= qt_ing,CONTIDO,"parte=171,335 total=5,010,613 violacoes=0 max_excesso=0"
qt_ing_rv*,reserva = soma dos 12 subtipos: qt_ing_reserva_vaga vs qt_ing_rvredepublica + qt_ing_rvppi + qt_ing_rvquilo + qt_ing_rvrefu + qt_ing_rvpovt + qt_ing_rvpdef + qt_ing_rvsocial_rf + qt_ing_rvidoso + qt_ing_rvintern + qt_ing_rvmedal + qt_ing_rvtrans + qt_ing_rvoutros,NAO FECHA (nos dois sentidos),"total=171,335 partes=284,444 dif=+113,109 linhas_div=6,658/720,349 (maior=6,189 menor=469) max_dif=479"
qt_mat_rv*,reserva <= total: qt_mat_reserva_vaga <= qt_mat,CONTIDO,"parte=648,225 total=10,227,266 violacoes=0 max_excesso=0"
qt_mat_rv*,reserva = soma dos 12 subtipos: qt_mat_reserva_vaga vs qt_mat_rvredepublica + qt_mat_rvppi + qt_mat_rvquilo + qt_mat_rvrefu + qt_mat_rvpovt + qt_mat_rvpdef + qt_mat_rvsocial_rf + qt_mat_rvidoso + qt_mat_rvintern + qt_mat_rvmedal + qt_mat_rvtrans + qt_mat_rvoutros,NAO FECHA (nos dois sentidos),"total=648,225 partes=1,116,988 dif=+468,763 linhas_div=8,881/720,349 (maior=8,490 menor=391) max_dif=2,609"
qt_conc_rv*,reserva <= total: qt_conc_reserva_vaga <= qt_conc,CONTIDO,"parte=72,157 total=1,333,988 violacoes=0 max_excesso=0"
qt_conc_rv*,reserva = soma dos 12 subtipos: qt_conc_reserva_vaga vs qt_conc_rvredepublica + qt_conc_rvppi + qt_conc_rvquilo + qt_conc_rvrefu + qt_conc_rvpovt + qt_conc_rvpdef + qt_conc_rvsocial_rf + qt_conc_rvidoso + qt_conc_rvintern + qt_conc_rvmedal + qt_conc_rvtrans + qt_conc_rvoutros,NAO FECHA (nos dois sentidos),"total=72,157 partes=126,574 dif=+54,417 linhas_div=5,669/720,349 (maior=5,459 menor=210) max_dif=211"
qt_sit_*,dominio de qt_sit_trancada,OK,"min=0 max=3,659 soma=1,808,167 negativos=0 zeros=472,921 nulos=0"
qt_sit_*,dominio de qt_sit_desvinculado,OK,"min=0 max=4,532 soma=3,544,824 negativos=0 zeros=281,612 nulos=0"
qt_sit_*,dominio de qt_sit_transferido,OK,"min=0 max=1,318 soma=137,854 negativos=0 zeros=672,019 nulos=0"
qt_sit_*,dominio de qt_sit_falecido,OK,"min=0 max=36 soma=1,239 negativos=0 zeros=719,230 nulos=0"
qt_sit_*,hip.: situacoes fecham com qt_mat: qt_mat vs qt_sit_trancada + qt_sit_desvinculado + qt_sit_transferido + qt_sit_falecido,NAO FECHA (nos dois sentidos),"total=10,227,266 partes=5,492,084 dif=-4,735,182 linhas_div=636,820/720,349 (maior=267,780 menor=369,040) max_dif=12,455"
qt_sit_*,situacoes <= matriculas: (qt_sit_trancada + qt_sit_desvinculado + qt_sit_transferido + qt_sit_falecido) <= qt_mat,EXCEDE O TOTAL,"parte=5,492,084 total=10,227,266 violacoes=267,780 max_excesso=1,883"
qt_ing_* (perfil),sexo: qt_ing vs qt_ing_fem + qt_ing_masc,FECHA (particao exata),"total=5,010,613 partes=5,010,613 dif=+0 linhas_div=0/720,349 (maior=0 menor=0) max_dif=0"
qt_ing_* (perfil),cor/raca: qt_ing vs qt_ing_branca + qt_ing_preta + qt_ing_parda + qt_ing_amarela + qt_ing_indigena + qt_ing_cornd,FECHA (particao exata),"total=5,010,613 partes=5,010,613 dif=+0 linhas_div=0/720,349 (maior=0 menor=0) max_dif=0"
qt_ing_* (perfil),faixa etaria: qt_ing vs qt_ing_0_17 + qt_ing_18_24 + qt_ing_25_29 + qt_ing_30_34 + qt_ing_35_39 + qt_ing_40_49 + qt_ing_50_59 + qt_ing_60_mais,FECHA (particao exata),"total=5,010,613 partes=5,010,613 dif=+0 linhas_div=0/720,349 (maior=0 menor=0) max_dif=0"
qt_ing_* (perfil),nacionalidade: qt_ing vs qt_ing_nacbras + qt_ing_nacestrang,FECHA (particao exata),"total=5,010,613 partes=5,010,613 dif=+0 linhas_div=0/720,349 (maior=0 menor=0) max_dif=0"
qt_ing_* (perfil),turno: qt_ing vs qt_ing_diurno + qt_ing_noturno,RESIDUO (partes < total),"total=5,010,613 partes=1,663,040 dif=-3,347,573 linhas_div=458,833/720,349 (maior=0 menor=458,833) max_dif=5,677"
qt_ing_* (perfil),procedencia escolar: qt_ing vs qt_ing_procescpublica + qt_ing_procescprivada + qt_ing_procnaoinformada,FECHA (particao exata),"total=5,010,613 partes=5,010,613 dif=+0 linhas_div=0/720,349 (maior=0 menor=0) max_dif=0"
qt_mat_* (perfil),sexo: qt_mat vs qt_mat_fem + qt_mat_masc,FECHA (particao exata),"total=10,227,266 partes=10,227,266 dif=+0 linhas_div=0/720,349 (maior=0 menor=0) max_dif=0"
qt_mat_* (perfil),cor/raca: qt_mat vs qt_mat_branca + qt_mat_preta + qt_mat_parda + qt_mat_amarela + qt_mat_indigena + qt_mat_cornd,FECHA (particao exata),"total=10,227,266 partes=10,227,266 dif=+0 linhas_div=0/720,349 (maior=0 menor=0) max_dif=0"
qt_mat_* (perfil),faixa etaria: qt_mat vs qt_mat_0_17 + qt_mat_18_24 + qt_mat_25_29 + qt_mat_30_34 + qt_mat_35_39 + qt_mat_40_49 + qt_mat_50_59 + qt_mat_60_mais,FECHA (particao exata),"total=10,227,266 partes=10,227,266 dif=+0 linhas_div=0/720,349 (maior=0 menor=0) max_dif=0"
qt_mat_* (perfil),nacionalidade: qt_mat vs qt_mat_nacbras + qt_mat_nacestrang,FECHA (particao exata),"total=10,227,266 partes=10,227,266 dif=+0 linhas_div=0/720,349 (maior=0 menor=0) max_dif=0"
qt_mat_* (perfil),turno: qt_mat vs qt_mat_diurno + qt_mat_noturno,RESIDUO (partes < total),"total=10,227,266 partes=5,037,875 dif=-5,189,391 linhas_div=523,643/720,349 (maior=0 menor=523,643) max_dif=13,985"
qt_mat_* (perfil),procedencia escolar: qt_mat vs qt_mat_procescpublica + qt_mat_procescprivada + qt_mat_procnaoinformada,FECHA (particao exata),"total=10,227,266 partes=10,227,266 dif=+0 linhas_div=0/720,349 (maior=0 menor=0) max_dif=0"
qt_conc_* (perfil),sexo: qt_conc vs qt_conc_fem + qt_conc_masc,FECHA (particao exata),"total=1,333,988 partes=1,333,988 dif=+0 linhas_div=0/720,349 (maior=0 menor=0) max_dif=0"
qt_conc_* (perfil),cor/raca: qt_conc vs qt_conc_branca + qt_conc_preta + qt_conc_parda + qt_conc_amarela + qt_conc_indigena + qt_conc_cornd,FECHA (particao exata),"total=1,333,988 partes=1,333,988 dif=+0 linhas_div=0/720,349 (maior=0 menor=0) max_dif=0"
qt_conc_* (perfil),faixa etaria: qt_conc vs qt_conc_0_17 + qt_conc_18_24 + qt_conc_25_29 + qt_conc_30_34 + qt_conc_35_39 + qt_conc_40_49 + qt_conc_50_59 + qt_conc_60_mais,FECHA (particao exata),"total=1,333,988 partes=1,333,988 dif=+0 linhas_div=0/720,349 (maior=0 menor=0) max_dif=0"
qt_conc_* (perfil),nacionalidade: qt_conc vs qt_conc_nacbras + qt_conc_nacestrang,FECHA (particao exata),"total=1,333,988 partes=1,333,988 dif=+0 linhas_div=0/720,349 (maior=0 menor=0) max_dif=0"
qt_conc_* (perfil),turno: qt_conc vs qt_conc_diurno + qt_conc_noturno,RESIDUO (partes < total),"total=1,333,988 partes=729,246 dif=-604,742 linhas_div=153,537/720,349 (maior=0 menor=153,537) max_dif=1,549"
qt_conc_* (perfil),procedencia escolar: qt_conc vs qt_conc_procescpublica + qt_conc_procescprivada + qt_conc_procnaoinformada,FECHA (particao exata),"total=1,333,988 partes=1,333,988 dif=+0 linhas_div=0/720,349 (maior=0 menor=0) max_dif=0"
qt_curso,valores distintos de qt_curso e frequencia,"0=674,573; 1=45,776",
qt_curso,SUM(qt_curso) agrupado por co_curso,"46,150 cursos distintos; soma=0 em 374; soma=1 em 45,776; soma>1 em 0",max_soma_por_curso=1
qt_curso,por tp_dimensao: Cursos presenciais ofertados no Brasil,"cursos_com_marca=34,479 SUM(qt_curso)=34,479",
qt_curso,por tp_dimensao: Cursos a distância com dimensão de dados somente a nível Brasil,"cursos_com_marca=11,297 SUM(qt_curso)=11,297",
qt_curso,por tp_dimensao: Cursos a distância ofertados no Brasil,cursos_com_marca=0 SUM(qt_curso)=0,
qt_curso,por tp_dimensao: Cursos a distância ofertados por instituições brasileiras no exterior,cursos_com_marca=0 SUM(qt_curso)=0,
qt_curso,cursos com SUM(qt_curso)=0 presentes em: Cursos presenciais ofertados no Brasil,345 cursos,
qt_curso,cursos com SUM(qt_curso)=0 presentes em: Cursos a distância ofertados no Brasil,29 cursos,
qt_curso,cursos com SUM(qt_curso)=0 presentes em: Cursos a distância com dimensão de dados somente a nível Brasil,22 cursos,
municipio,composicao da tabela,"linhas=5,599 codigos_distintos=5,599 sentinelas_ignorado=26 exterior=2","unidades_reais=5,571 (grupos mutuamente exclusivos: 26 + 2 + 5571 = 5,599)"
municipio,unidades reais por UF,"27 UFs; total=5,571",11=52; 12=22; 13=62; 14=15; 15=144; 16=16; 17=139; 21=217; 22=224; 23=184; 24=167; 25=223; 26=185; 27=102; 28=75; 29=417; 31=853; 32=78; 33=92; 35=645; 41=399; 42=295; 43=497; 50=79; 51=142; 52=246; 53=1
municipio,unidade especial 2605459 - Fernando de Noronha (distrito estadual de PE),PRESENTE,"[('Fernando de Noronha', '26')]"
municipio,unidade especial 5300108 - Brasilia / Distrito Federal,PRESENTE,"[('Brasília', '53')]"
municipio,cobertura do Censo sobre as unidades territoriais,"sede_de_IES=698 local_de_oferta=3,551",
